XLB,XLE,XLF,XLI,XLK,XLP,XLU,XLV,XLY
2020-06-10,-0.01132150591249459,-0.04922393737278763,-0.03744751612377817,-0.02392800619808666,0.01669929616906507,-0.002806752622171116,-0.005847077920664523,-0.0015558685615142398,-0.009379178356662132
2020-06-11,-0.07725159101177637,-0.09421628404264515,-0.0817784775049184,-0.07023824565687131,-0.05734315489613606,-0.03791381268720262,-0.03904587498143808,-0.05560971537298676,-0.0523782682803815
2020-06-12,0.019447934481795492,0.025231483447035963,0.030263750514537113,0.019404567124075456,0.012940619958689448,0.00017205279632359627,-0.0025501967798203795,0.006496939802596469,0.009910449743915972
2020-06-15,0.010537718673120144,0.003013617993997242,0.013847982013670324,0.009880936282834485,0.00965705860190802,0.011527982912632018,0.006817866974131892,0.0022540571082330096,0.009494288677764251
2020-06-16,0.02085587598343297,0.02879323736091033,0.01572854580611227,0.019568294310428724,0.021321157799755408,0.015648771266843164,0.004570873088807881,0.024637128471127978,0.02102262599253968
2020-06-17,-0.008277596915882035,-0.0340715709322591,-0.015077393575345654,-0.007197518070067854,-0.00019523611842631183,-0.0015072447095244579,-0.003033405656281629,-0.000997778409986827,-0.002631601190425825
2020-06-18,0.0007103842989115705,0.012345666502033392,-0.0012412643591498407,-0.0036957818807998866,0.004488224707492883,0.005199603660595686,-0.0001689649610244759,-0.0033954323713315526,-0.0036477459453359007
2020-06-19,-0.0030168347509766935,-0.015181726474074564,-0.006628061844363375,-0.012269821993279528,-0.006896507842878208,-0.005172707631062035,-0.02806431855863989,0.009620067975351532,-0.007789475298337067
2020-06-22,0.00370483061035376,0.0046327894362643285,-0.00495205500773388,0.0016830341937883464,0.018840934196289183,-0.0028566714316219377,0.009751979829617952,-0.0038374255384278078,0.01027663526870426
2020-06-23,0.002318085661845659,0.0010192080346858035,0.0046393546626462,0.00014481262408527762,0.007219849366312925,-0.0015256497514958278,-0.010074634111695957,0.00430251533388426,0.007866558087139097
2020-06-24,-0.02917626459749112,-0.05548492508605274,-0.0352645065644811,-0.034757482913243876,-0.022555680758387875,-0.016808186379192458,-0.009124501764739334,-0.026103432233854806,-0.022024614654175045
2020-06-25,0.012460983449220864,0.019132415982084483,0.02654488161901747,0.011102835346427531,0.012809236934512302,0.0070799573103821345,-0.012395942207278465,0.009821017997053927,0.0013433719758140228
2020-06-26,-0.013755643538404083,-0.034637941309755615,-0.04281481942441845,-0.018548790525218073,-0.019694862516887124,-0.02040465083762355,-0.010579231035308112,-0.012156860016158455,-0.023437482026331558
2020-06-29,0.01945317109709932,0.01342115301012825,0.011071795388610361,0.03280930067095689,0.010931567784711937,0.018904190150407674,0.018847534423289014,0.009024711558127452,0.018989843581836086
2020-06-30,0.014401352649241028,0.022972911623981407,0.013578506010597069,0.005709176014820239,0.017924988603112535,0.007387067795847857,0.0037353052118151986,0.017074927281360175,0.012767634575056697
2020-07-01,0.002129603360687682,-0.024306437855593832,-0.008642881473812647,-0.004512419512517241,0.001627006378871254,0.0008526642373829496,0.023391745619459448,0.007694562147437356,0.010101129034525425
2020-07-02,0.018770949644136392,0.01110214925712727,0.0013077179334308742,0.008627067725318627,0.005828352336132214,0.0051116269228259625,0.0025975337542318844,0.007536692305090131,0.003953396147731381
2020-07-06,0.014253516028204682,0.002945924561530422,0.01915534791298068,0.014351939973951344,0.017478864407847627,0.004916070467567923,-0.012262621587193712,0.010137786968825724,0.02370480966689059
2020-07-07,0.00034265770192631884,-0.03177588981536261,-0.020503907056278914,-0.019151054200478912,-0.0104565184822496,0.00910931433149309,-0.0040217028004077005,-0.008671949726380301,-0.015688642741094938
2020-07-08,-0.014219565368079445,-0.0008272747015256599,0.010466474418405092,0.0,0.016322301390404137,-0.002507534113741272,0.00895369196277307,9.839058193517047e-05,0.010651314056738581
2020-07-09,-0.009384752956146047,-0.04940663439662685,-0.021147925900930842,-0.021710594054998755,0.0036205390805541526,-0.007876639135463104,-0.01339831315467288,-0.007862507645000183,-0.0011373328219058676
2020-07-10,0.01736846884103116,0.031939733871102494,0.034391469557488286,0.012957987995913633,-0.00027752565406202745,0.018412207431599104,0.018871262345210527,-0.0023774067458840475,0.011917389383576671
2020-07-13,0.0,-0.005346108783207404,0.00426257741013103,0.004117183128498736,-0.02072541623338653,-0.0014928174855427523,0.0010386537531668072,0.005659873296209872,-0.01267723538410559
2020-07-14,0.025176701425751347,0.03507785361693472,0.005093464158988592,0.021672053605197084,0.011526745565593188,0.01461792972182474,0.00933771147625384,0.019845981224999143,0.00995295846840838
2020-07-15,0.01682088648330149,0.021590592265861908,0.019847943443289884,0.025512589777914263,0.005417592898940615,0.0008186660183411298,-0.003940467333800379,0.012973188494705079,0.014293236963901279
2020-07-16,0.0033084993784526784,-0.004547959239933785,0.0,0.0002794650745208127,-0.012356051983680394,0.002126548675269735,0.012727958148638363,-0.0016248167129737645,-0.0026701475050798784
2020-07-17,0.008408868675267689,-0.013974824186146595,-0.008281578479924945,0.006008113863997577,0.004891363752292266,0.0053868241717778265,0.022588303682731237,0.013689528133826734,-0.00468489764359592
2020-07-20,-0.008665726759107484,-0.016625625360410234,-0.004592945095954204,-0.01222218245972384,0.02555469851907266,-0.010066502347921946,-0.01312073506967626,-0.00018892319681662606,0.01598920509685442
2020-07-21,0.008741478019091753,0.06042113789998971,0.01971473729497597,0.01321687683490902,-0.010040165995129025,0.008692762992451808,0.00454389063769467,-0.0006611374319479557,0.001544328699406794
2020-07-22,0.011608904009263066,-0.012284275044375459,0.0,0.008048949948452844,0.00802142239310677,0.007967541772028186,0.015412980853011682,0.008979151164996146,0.00859101089491876
2020-07-23,-0.003070889859717707,-0.0018523653859026101,0.0008227072621620479,-0.003028624741202801,-0.025976469840635175,0.003548925472251385,0.0011548972104720168,-0.004496472056687684,-0.014997138641344443
2020-07-24,-0.0034046955838669124,-0.005567409033490622,-0.0024660133137655027,-0.008008831189361021,-0.012113847388934507,-0.0012859602817568705,-0.006591947025297529,-0.01100972787174992,0.0017736878622365282
2020-07-27,0.014478566953618488,0.0010664866674874318,-0.008240711016376134,0.004175913693202027,0.015779499902107696,0.0049894732702719935,-0.012110093765877461,0.007516723698663741,0.0061975953610751144
2020-07-28,-0.021969187399157764,-0.017043915726694614,-0.0024926507836482426,-0.0069309845507719015,-0.011697492858076752,0.0036835408548165915,0.015113324332040046,-0.0011333205197924245,-0.009898885845143424
2020-07-29,0.00819804744368735,0.020861496254656497,0.018742081100500796,0.0152150529471351,0.014487184058647129,0.0014361253246863992,0.004631945290925588,0.010494507130310415,0.010145918456978542
2020-07-30,-0.0193527652549903,-0.03927796829518648,-0.017988407203470613,-0.010037100827741563,0.005600120106583839,0.0,0.0,-0.006923677503940628,-0.0008065718166708757
2020-07-31,0.0009951151284632864,-0.004696316837939141,0.00041627965478530093,-0.003749948838521977,0.024967576197540753,-0.000956002557936042,0.0016466298381658806,-0.005747058736271016,0.0052095711642417
2020-08-03,-0.00563293128259601,0.0036080715349751102,0.0029129868487638433,0.004182209557876515,0.024631076683395037,-0.002711348623080201,-0.010850006847001215,0.010328805576624633,-0.0021166864421188203
2020-08-04,0.01416190901659653,0.02433624844264859,-0.004149380260907498,0.0024989605960406003,0.002562866400307229,0.012474057617303247,0.010969020797761742,-0.004408211839129206,0.008046081121441118
2020-08-05,0.014621284222404718,0.010529277003511472,0.01374996852907806,0.01911079797209836,0.003702398686891595,-0.0020533851881457954,-0.012822688629421819,0.0046161906731265745,0.012190905905526517
2020-08-06,-0.004209788195970843,-0.00801489609820849,-0.0004110552857419236,0.003805101003218292,0.014052316411538257,-0.00015837718314359872,0.005828531880190724,-0.005345212580671221,0.004874677395686922
2020-08-07,0.0034146608079068663,0.0013464841736774424,0.021381673904368625,0.017056898169701684,-0.014896887491437583,0.005382351486631798,0.01804634019335527,0.0032055167427746944,0.001498274854783821
2020-08-10,0.009722964127260036,0.03093069676200666,0.007246381331354357,0.02462416808092227,-0.0028134959425292205,0.005196043868937128,-0.0003251665978191154,-0.003383129149308828,0.011967611265228717
2020-08-11,-0.0017654335449507341,-0.003391568186661531,0.011590695893024527,0.00532592237838414,-0.01798619307176308,-0.00689216482448618,-0.021636621738381434,-0.0063178500606086985,-0.001971085560602104
2020-08-12,0.005948563812533392,0.009947576491232013,-0.002765668794633913,0.0032302995438444615,0.02271509100885294,0.012933702219564136,0.014466129794519222,0.016796373107200058,0.013260028218306186
2020-08-13,-0.00015980457970865558,-0.019440224064356193,-0.006339148106764947,-0.0052806491225960706,0.00043894631833607534,-0.0007785772282639103,-0.0016390088856053087,-0.001306623189392342,-0.00041772472997692045
2020-08-14,0.0011188726788926573,0.009516243703257654,0.003987243292497,0.0038843700926576297,-0.0007020329417324334,-0.00015581252564156323,-0.00870137392951953,-0.001962354782464426,-6.9774543810186e-05
2020-08-17,0.004470735850709007,-0.005760610405720623,-0.01667999186259317,-0.0046433673756726135,0.00667372837032687,0.005610852693530122,-0.0013249010111522352,0.005898784102955412,0.012883972438307412
2020-08-18,-0.004132894029269529,-0.01264143636418591,-0.006461961872430422,-0.005442566943453464,0.0037508601852469514,0.004029813298160878,-0.004477643288863797,-0.0002791788406290019,0.006188130563172134
2020-08-19,-0.002873118079874226,-0.011469733820827499,-0.0004065436843154746,-0.002605708918874017,-0.0012166732252278933,-0.00787281272554985,-0.002998521837089485,-0.0032588104766861914,-0.004715073524593216
2020-08-20,-0.003521700164592856,-0.02158679706051303,-0.009353362571648649,-0.005355940743726695,0.013312444302176596,-0.0020227139609454436,-0.008855418366006007,-0.0031761712320673707,-0.001510379553314456
2020-08-21,-0.0057831599006740175,-0.006342986952298735,-0.002052586212516583,0.004071387891998013,0.01270821618617446,0.0024946518262947137,0.0016857692397920232,0.001030876013164983,0.005157112080539594
2020-08-24,0.017611896045351516,0.027477200056253093,0.0238585106027025,0.01805099214059447,0.008648439353569293,0.008553572548991806,0.0087511553630224,-0.004587164580569403,0.015186748873553091
2020-08-25,-0.003969536424329179,-0.014046546791358971,0.0028124152122368518,-0.0012847753917836213,0.005043750360973931,-0.0021588620338620634,-0.009509403200430366,0.006771421955785284,0.003301956048364474
2020-08-26,0.010521373070972562,-0.021095941022839737,-0.004807695291962677,0.0005144918683190891,0.02032444496153829,0.001236338813830118,-0.011116759554331446,-0.0012144777864478984,0.009873060939508793
2020-08-27,-0.0026818405346498153,0.0019591629879569528,0.016908223106493647,0.0036003846785261917,0.0008197455613601079,0.006173820648996964,0.0032363205085856883,0.007856387287547228,-0.0053870295342166585
2020-08-28,0.011863339372024662,0.01787706919355747,0.003958907284547397,0.009481152398121306,0.008764130948626603,0.008896979481404,0.002886216350814763,0.002227092372801387,0.0065528212261871666
2020-08-31,-0.015319679399083741,-0.021679360663676706,-0.011829735687815202,-0.012438210869952226,0.0031665863673546735,-0.002888773922622101,0.00304718722985875,0.0024075185986154324,-0.0029229316448863285
2020-09-01,0.028099697701900794,-0.0067322188898449875,0.002793259175640772,0.010152850442133099,0.019101585231091622,0.001067356026474231,-0.011476800709358304,-0.00895997593201936,0.010460471978180452
2020-09-02,0.022699313948362665,-0.004800756655500171,0.01432551674581739,0.016539540973437905,0.00889522407165444,0.01812641699671902,0.03107398439953757,0.02003912740534064,0.01384661799947029
2020-09-03,-0.02763111971020571,-0.007378136956188386,-0.015300089585331023,-0.02803504249969002,-0.05699442900997331,-0.0172052296112436,-0.011260149203223269,-0.027229465417163534,-0.031737589041741066
2020-09-04,0.0006211142817844628,-0.0031445644840626397,0.007569764367193921,0.0023177971817700538,-0.013941014913943728,-0.0022834630746561,-0.005694192053728453,-0.0071389764932054955,-0.011553028273005861
2020-09-08,-0.01877714937905217,-0.036421193531463,-0.025701911492942098,-0.01875638179904715,-0.0452082899171673,-0.021055810157753152,-0.005558379777165778,-0.016461557704607,-0.013114959898243406
2020-09-09,0.025778946295610394,0.006845495111821087,0.010146070976516652,0.015449002283919322,0.032629899522467865,0.014494945339178722,0.013211386554683013,0.017699154463809208,0.018866564993246238
2020-09-10,-0.009404919467894679,-0.03665391789632255,-0.014061842633444566,-0.012764271220298773,-0.02258279368926097,-0.012290611916233263,-0.01721825362026108,-0.015311930085642134,-0.014327035906820718
2020-09-11,0.012762719779635834,0.0009204350097216096,0.006927430276845392,0.013582262901799647,-0.0076430064337391634,0.005599628103459597,0.002381300032633593,0.0039353841642737475,0.0015083080028694962
2020-09-14,0.014445923167334174,0.007664090382142996,0.01375962065992642,0.013529277750674806,0.020980872206171508,0.006496501291404888,0.0137451512381217,0.014341742143370695,0.010611269904797327
2020-09-15,0.004847838349290257,-0.007301479915433395,-0.013572863210875585,0.000635609385717606,0.00988469960638061,-0.0013829767643640523,0.006695669806794147,0.0013196784204132506,0.008196799694325962
2020-09-16,0.0007536709091660043,0.040147074465301635,0.011331452308174672,0.010163976361842852,-0.015454673165483768,-0.004463015311885088,-0.0013302531985452948,-0.0016943582831423498,-0.005576951131313623
2020-09-17,0.007381857645525347,0.0014731565740446761,-0.010404168518220347,0.0020121866382425413,-0.008284638276847778,-0.0063379240673564485,-0.008158572560581723,-0.0033005128163328123,-0.014054057080260751
2020-09-18,-0.017197572929426252,-0.011179684338324614,-0.0020217980164498606,-0.011170922659707316,-0.017235295886669943,-0.009178599113836339,-0.017626293520758507,-0.001513591473125575,-0.01391169403968262
2020-09-21,-0.03366360677574576,-0.033145845785801265,-0.02505596966612811,-0.03319532670653447,0.00831289726890927,-0.007628764453399106,-0.006221856943581017,-0.018473785389928388,-0.014444505819923958
2020-09-22,0.0018984787137414916,-0.01032222965537355,-0.00835771516721906,0.009885368056989696,0.0158306740869818,0.005888865347926764,0.006243536365668767,-0.0021321882190677988,0.021129262112889347
2020-09-23,-0.02936999177912092,-0.04519598147364201,-0.022334554698068776,-0.017880432580499095,-0.03116787155841838,-0.015031651766438281,-0.015339583820128788,-0.010295242223820722,-0.016401377534731587
2020-09-24,0.0071579445781797535,-0.00033092780245513875,0.002155049135336151,0.0014617464408097636,0.005602644054947481,0.007389563941671451,0.011202509511919923,-0.005004908570379718,-0.0004221853840906675
2020-09-25,0.008883856230017306,-0.0006622687468335053,0.010322621050721015,0.01499463122698641,0.023903720276774898,0.005262263654660426,0.016444552500468168,0.016076524115278934,0.01302171320157619
2020-09-28,0.016170392750660012,0.023525506250642314,0.02383983292560976,0.018041628096644446,0.0191328927355201,0.01126273695090596,0.0025544242453683363,0.009027332799097731,0.02091438767652698
2020-09-29,-0.007405096572273728,-0.027516979393915175,-0.012473941878074823,-0.008860948117797252,-0.0033586063635945296,-0.006588227214882614,-0.00033970454921006255,-0.0012505495651363718,-0.007758741427806859
2020-09-30,0.010158725968312021,-0.0029959851302275853,0.013473709717994442,-0.002591215515551304,0.008381510531155323,0.012158448404715472,0.009005954094007729,0.015989313702296393,0.008162416545802298
2020-10-01,-0.01414202056503111,-0.03071787281753724,0.0016618528042364744,-0.0029879638920755625,0.01053991901842255,0.0056162871482619,0.010104390232631655,-0.003413068778900352,0.01306309450268306
2020-10-02,0.00892569063095805,0.00964517436804102,0.007880464588318148,0.011205203416398968,-0.02535404782844053,-0.005584920630301804,0.011837305238867835,-0.009132345959398713,-0.004231034689836544
2020-10-05,0.019115380774327173,0.030023858258790392,0.016460996354876523,0.01610623490953267,0.021924467711570195,0.006708279296344211,0.01252261599967519,0.020545229617250138,0.013219069397506944
2020-10-06,-0.012556220647589544,-0.014905627305873193,-0.010121424814517499,-0.012173448695548816,-0.01549462635643506,-0.006508533167760233,0.0084622471273601,-0.01326434259111875,-0.018505002868522635
2020-10-07,0.02574556603401823,0.014122431141046388,0.016768855164268848,0.022079571133929443,0.01833280151339234,0.010762759848323755,0.00613194817735474,0.018876921282997117,0.022855303981077713
2020-10-08,0.010101191032439782,0.037466872599135836,0.013676628789448975,0.009922141246029526,0.005180000255262218,0.006635812738599922,0.018283916128601474,0.004865739176872053,0.006564025824843167
2020-10-09,0.007727192334453514,-0.01597952168061656,0.001190346984540902,0.003730931775363544,0.01529103080633809,0.007818347396730152,-0.00015755360576774624,0.009032438364644735,0.010407810012887708
2020-10-12,-0.0016538967989698783,0.002598186306846273,0.011098044957712494,0.005699370669892234,0.02729241279270278,0.011560770493697303,0.006301244662038297,0.0068290951904683705,0.013299389282589225
2020-10-13,-0.008885491452654493,-0.015549099034339764,-0.019208233074954895,-0.011087901719756599,-0.00639891349587951,-0.0007518525010552501,-0.006887972434034606,-0.007607677548000846,-0.00019298043755633376
2020-10-14,0.002887138124918698,0.004277801467280851,-0.009592286448359855,0.0056061587329852,-0.0052987881393661285,-0.005116536939322458,-0.0012609946811084072,-0.005818796932209103,-0.01106821938672009
2020-10-15,-0.0028788265550167003,0.012123158582800775,0.007667393156281177,0.0035926530445158367,-0.004507333922856738,0.0006050068263629971,-0.0006313239826102324,-0.007246291420426099,0.003708979003075985
2020-10-16,0.006989691667314002,-0.02266107161202413,0.0008010542908085672,0.007282995854752894,-0.0028813993842518038,0.00030226204259919953,0.010739104051680659,0.009919430792751704,-0.009076136010913394
2020-10-19,-0.011618973877293381,-0.021199102887921595,-0.015206076511324107,-0.012377468868687735,-0.0183289897437936,-0.012996847254869714,-0.008437493717191602,-0.015845018001234057,-0.012299672656510885
2020-10-20,0.0022899833682317183,0.011844340701193001,0.008126704493248926,0.005211638423132214,0.0034483428019584927,-0.0010717015598356028,0.005988035288905014,0.0013181054313529117,0.008014806489370585
2020-10-21,-0.0038079579718351964,-0.01906354836237678,-0.0052397719293274525,-0.010122128224248406,-0.001508784015206266,0.0009196715455379589,-0.002662937841370283,-0.004983500012613606,-0.005453954396139604
2020-10-22,0.005504481302152975,0.04125478976004504,0.019854059760406217,0.008230280340300489,-0.004700679969092514,-0.00045947248909949945,0.014135354950390422,0.015119964606681524,0.0020481910646830137
2020-10-23,0.0036497213589374855,-0.0049116859775305555,0.003178450448779291,0.0039580345497076674,-0.0010963379840820409,0.0018384977930085977,0.0027876903459684854,0.0037237069952920088,0.008769552873246989
2020-10-26,-0.025000093332032902,-0.035867057451337114,-0.02257424917840356,-0.02500924473059818,-0.021698776589817892,-0.01284598574035134,-0.00030879584524434733,-0.011129606029714245,-0.019216909968035156
2020-10-27,-0.009479364554775938,-0.01296928541528064,-0.018233438047587036,-0.021859946689877563,0.005005596849722016,-0.002633629890551936,-0.0007725573822788823,-0.006846739175576433,-0.0004665346587189312
2020-10-28,-0.02823978679969663,-0.04183952528606316,-0.025588068011317966,-0.03281239452503004,-0.04242165869151704,-0.029201592268014775,-0.029066134236743313,-0.03173107302697986,-0.031604100029983595
2020-10-29,0.020665214120814346,0.03067482846187808,0.007623958359506577,0.014558637044548739,0.016680156597814078,-0.0003200379194193692,0.0027070375508888578,-0.008192713703985444,0.006334224844161351
2020-10-30,-0.0006327261172228704,0.005602248942849997,0.002942390181356558,-0.0011848507843718048,-0.022139953090677178,-0.0035211108499670907,-0.009369532831247529,-0.00029505438057098043,-0.021825389134865314
2020-11-02,0.033238299327807086,0.034122628414786194,0.01885990694442441,0.027019945251110622,0.0025257756739061055,0.01590108114232547,0.021962156335725513,0.018001209452360944,0.007134447898492935
2020-11-03,0.015625075562874846,-0.0057239546416549825,0.022213207621915032,0.029517407905661708,0.01763540245048456,0.01644274069443341,0.014431316646534409,0.014590760601262076,0.022015324967293637
2020-11-04,-0.01704370786907028,0.0013545235311172021,-0.011670174170181902,-0.01034653303636146,0.03890363710007794,0.0004666306732818981,-0.014999170871191736,0.04438098604531837,0.02126932361796685
2020-11-05,0.040816285539490016,0.0,0.024429985435991286,0.023554709354437264,0.031063803404719037,0.0073071775656115,0.008948089883675348,0.002006123313386343,0.01949572256947607
2020-11-06,0.0025062397741999476,-0.021643522876581223,-0.00794913131637598,0.0009842557847015154,0.0035493121138798767,0.004630355603980174,-0.002178257466390221,0.00036408302744139753,-0.003002313092169584
2020-11-09,0.022499994621397956,0.14275838939723906,0.08213143124844846,0.03405465996592305,-0.0072380727964982405,-0.0023045368229167584,0.01855615126448784,0.009370397073233505,-0.0032730584739338875
2020-11-10,0.01179347275386089,0.03236537519579463,0.00518322633055579,0.01759604069669707,-0.018641306640494903,0.019710574889881816,0.014390731073346652,0.002884228107820297,-0.0035465714263878123
2020-11-11,-0.014925315958316587,-0.010254915151334032,-0.004051433605481547,-0.00841213669834362,0.023723201051872866,0.008607639648125387,0.003772948339432425,-0.0012581646672319424,0.008766186321423008
2020-11-12,-0.0210679296120887,-0.03226766738232267,-0.01664205764430504,-0.011429284403909001,-0.008906493892658296,-0.0026949860821010585,-0.016087805871796812,-0.0036893903291819186,-0.013394361338827876
2020-11-13,0.017246559251784532,0.036402646109293446,0.01654761415817596,0.02216928635405302,0.008487245140977873,0.013811634073040313,0.009932681728122672,0.012644562173807161,0.016225273677848984
2020-11-16,0.019707308103509957,0.0658206000339705,0.02219750077260474,0.0243702597777542,0.009653499737683813,0.009181162243943497,0.010137821976243133,-0.0016946376265364327,0.013098718186528746
2020-11-17,-0.00369489822179192,0.010246435715430158,-0.0014476609265392515,-0.002617990191087327,-0.0055569226916794,-0.007043326953627416,-0.01962270486455686,-0.006521996086156778,-0.004245537979570724
2020-11-18,-0.008272636217068752,-0.029057071383646105,-0.009423752113781991,-0.0044510132016643,-0.010682857469814566,-0.013743194127031955,-0.019556837612607292,-0.018615082648284598,-0.006847480480491774
2020-11-19,0.004170877171028264,0.016374856613429856,0.003293150201068462,0.002521897793500205,0.008057082776025348,0.002697005340119185,-0.00997349850478757,-0.0007330294799576809,0.0049433751691703165
2020-11-20,-0.0008593178084131958,-0.005277670493347597,-0.008752768737626981,-0.009033568456376817,-0.010299931992608924,-0.00627608582329775,0.0001574544141713652,-0.0022924856381273395,-0.0052426285229871805
2020-11-23,0.008314140628570055,0.0706506536821907,0.018763816228875907,0.016731994661439265,-0.00024975720177955463,0.00030078752594819846,0.0001573076349952185,-0.0025736672960757767,0.010996101875658582
2020-11-24,0.02487917329807332,0.05138239634931452,0.03503062875016649,0.017478107014311295,0.013907390496382233,0.006764870348512142,0.010700359561256922,0.0029488122825642726,0.014866738082875752
2020-11-25,-0.01040366817848326,-0.023319344304748024,-0.003489185969734465,-0.007585016966406344,0.0021355312185868947,-0.0005973531434669832,0.0026467081751864185,-0.0036751249703528277,0.0012048870116210253
2020-11-27,0.005186473097916311,-0.01168397837752011,-0.003151255970438749,-0.0016859852476290849,0.005327451108309678,-0.00014942754688163085,-0.009937998468392162,0.009221738783684374,0.0021535596869453055
2020-11-30,-0.010040463363712004,-0.0552558151676803,-0.0207235086912686,-0.008894402973452786,0.00668521284183532,-0.000149334294990755,-0.014429054323069401,0.0027411793927147876,-0.0060675437745910665
2020-12-01,0.010987451961081307,0.004624738439668263,0.01542320391118257,-0.0024992414108326866,0.012795442946599067,0.00881781939827797,0.007001906745844222,0.008383541507416492,0.007439921712091291
2020-12-02,-0.01281870822027209,0.03249389897061361,0.010950276491930033,0.0013666938366019288,-0.0015191866293426948,-0.008296247981485871,0.006637190499169554,0.007500360023116492,-0.006248730939447444
2020-12-03,-0.0069159932384393885,0.010490288240612822,0.0003492783498770802,0.002615782983086845,-0.0006406307658380905,0.002539541826350966,-0.010361093483719497,-0.00125575092829866,0.002794633711980854
2020-12-04,0.02018190614819404,0.05450313060807033,0.01222498131273242,0.01191006863955324,0.01001676404470353,0.007748468672399866,-0.009993657787076726,0.010687096366198023,0.0009501226809423002
2020-12-07,-0.006547805685928276,-0.023381835916090776,-0.006901315927645424,-0.004820126675516678,0.002856260327987803,-0.0038443313982247096,0.005608063509408012,-0.006131167516185587,-0.0022780524202029584
2020-12-08,0.005609336274791321,0.014869016646442246,-0.0003474035217387872,0.004843472828097495,0.0032436123598702515,0.005491905197642755,-0.0030274118358315505,0.007599466271002386,-0.0020930150127432823
2020-12-09,0.0005578154508114608,0.0022348992956531255,-0.002433071454963076,0.0022419614522521947,-0.019162553652610437,-0.003985729658231629,-0.0017580148492852832,-0.0034605078376424014,-0.0009532862490112537
2020-12-10,-0.006132441812684686,0.030723508268992283,0.0017421277756333176,-0.009506785441035226,0.0014472828382157132,-0.004446488631337675,-0.005123243015434875,-0.0016917023556656252,-0.0008906867132218999
2020-12-11,-0.005749491397790352,-0.011538571704269751,-0.010087023236142634,0.0023712202738421784,-0.0020873548075309722,0.002233174098911439,0.0016093282284890265,-0.003924420368589865,-0.004775525070848552
2020-12-14,-0.012693963457545254,-0.03501941347893134,-0.011595249827475174,-0.012954721322865348,0.003620257823456541,-0.0038622637357965672,-0.00514147621665606,-0.007521480504133149,0.0014714772344222027
2020-12-15,0.018142818721960774,0.019657324016117306,0.017063768880431374,0.013923635098481268,0.016673344274036772,0.002386090615386971,0.019702837262394413,0.010826432449876355,0.013479824672091523
2020-12-16,-0.00280618826418233,-0.004943184852074789,0.0017475407494147444,-0.006190877132038919,0.006780716934905451,0.0019338320148272192,-0.011561608694835579,-0.0029454341311099252,0.0065557783582486095
2020-12-17,0.011537922326743777,-0.00471932513864004,0.0027914025393187547,0.006116207152561781,0.00790976344215677,0.006384511060402831,0.006729713471281817,0.010742185215092181,0.006826249465425649
2020-12-18,0.0044512430952392545,-0.016720659263796844,-0.008698716906082815,0.00011254733194920874,-0.0034964884966761645,0.0022130763564407463,-0.008594613973645249,0.0007970672391952593,-0.004851691182422901
2020-12-21,-0.005302593758277352,-0.019290134856628338,0.013480115521441016,-0.0060356121617710645,0.0010003750733869055,-0.01077689372770807,-0.012109804436893468,-0.010005645846697053,-0.011296659130775488
2020-12-22,-0.006156518577184911,-0.016784706222901735,-0.0097492466700424,-0.004662301841293792,0.008666509213235862,-0.0070528756758723166,-0.0019665600396939764,-0.003051835715844109,-0.004306718754219729
2020-12-23,0.0014078469670777416,0.02213921395224472,0.01652601843521917,0.005255330477821785,-0.007585742213269353,0.0033247978963155678,-0.0019704981248872544,0.0007203014871848268,0.002162624796166357
2020-12-24,0.00632651245494098,-0.005219270424888789,0.0013836055957332505,0.00011367552187668828,0.006629670009477673,0.0049707281396915715,0.007074729330126761,0.002878994348084696,0.002094614126544103
2020-12-28,-0.003911725124725929,-0.006295802919412785,0.004835895479116781,0.0012500277199343213,0.011312687934725396,0.007943581189989724,0.004411025391053647,0.0025118711719771536,0.011400996262201701
2020-12-29,-0.00238434108252239,-0.006599792809983351,-0.003437577835647687,-0.006015207256916955,-0.004750417839119114,-0.002973930289604909,-0.00016259132947515909,0.004742736939027381,0.0003131642896998521
2020-12-30,0.01377765445856749,0.015678960425328903,0.0044843256768865025,0.006394144597583473,-0.0005387720966939513,-0.0010440318069334653,0.005043026498631198,-0.0001781006681980113,0.006010163936873036
2020-12-31,0.0038829744225821194,-0.008372540689105312,0.012362582959438262,0.004651722517870827,0.0014635064450028157,0.007016959599229766,0.014891613012149252,0.010511311577493965,0.0005600955729052615
2021-01-04,-0.009531769548779878,0.001583061496288618,-0.013568534257770826,-0.02416718478060398,-0.016305229797073717,-0.010822722269411167,-0.025199378054356014,-0.004319521783235469,-0.008458801885825706
2021-01-05,0.02245472302094509,0.04478397126130118,0.0044704472977106224,0.009836792965836949,0.0064894397811212645,0.0,-0.0001636118761597638,0.007259829393636563,0.0074645452316124405
2021-01-06,0.04092206057345349,0.030509318122611262,0.04416295142447213,0.023836788689669985,-0.017245379587577103,0.0007492447769004151,0.024873200485834523,0.013711935627399585,0.010211111536141848
2021-01-07,0.007469545315261561,0.014680685769653312,0.014426243553638862,0.005484732708688211,0.026954370890314827,-0.002995309726146256,-0.01309277297218192,0.013006156961016924,0.019291280026442204
2021-01-08,-0.004812624838792745,-0.0012057288575165748,-0.0006463820715569835,-0.002449124732675445,0.006465446933529462,0.0049572877268699855,0.008412904782245656,0.004793259947557527,0.020619057819526443
2021-01-11,0.0,0.015692931753873207,0.003234124677839123,-0.00033477597295761274,-0.008259417607148989,-0.00852015201871037,-0.009305332514095932,0.004685285460608535,-0.018662246398043703
2021-01-12,0.012678060381434264,0.03494176555681339,0.010315935084808325,0.009935326447111592,-0.00478095339903728,-0.0033167773935964817,-0.005344169175159341,-0.010852983398749738,0.015274172334523328
2021-01-13,-0.010196134505002341,-0.007808891863940959,-0.0006381932626474685,-0.008621687236184283,0.006353694946529043,0.001512548256276558,0.019537590563018625,0.0027430157541294964,-5.943450522005733e-05
2021-01-14,-0.003390330704101996,0.029629581373881386,0.004469961019047952,0.003456379758761674,-0.008777304568168498,-0.005286155388963598,-0.003832563960556312,-0.0031629400728584445,-0.006363050989020791
2021-01-15,-0.01426144532913809,-0.03889381185999208,-0.01652888133150343,-0.013000025084426103,-0.010253315242556793,-0.0034923228296934727,0.009778733678570628,0.003087166664850205,-0.007720358158324059
2021-01-19,0.0034509798657418322,0.02011696094174753,0.0025856521260732013,0.0032646412405326064,0.013027892570171007,-0.004418775101563299,-0.0038101125517058243,0.007523269354825279,0.005669469016148065
2021-01-20,0.00330695887274568,0.0036688219441203263,-0.004190864068261413,0.006171419444505277,0.019832540805361676,0.0018366590813252426,0.005896389424569604,0.0055155427570035,0.01889168985075451
2021-01-21,-0.014634235033214593,-0.033813035183616114,-0.010683094894798906,-0.007806326497292848,0.01291397325288135,-0.0033608594688269156,-0.005861825816814603,-0.004725709413643364,0.004650038520177535
2021-01-22,-0.004816647165807986,-0.0052022479049299575,-0.007198928755468126,-0.0051702715407552224,-0.003824660927112533,-0.0026057159734316215,0.0014342568870573391,-0.0029677059609553025,-0.0033981190627495605
2021-01-25,-0.005243332424473945,-0.010221015789617427,-0.007251129117380795,-0.006778903656165514,0.008356479220307689,0.009989289148891745,0.02005089952398742,0.006548217523716815,0.0037035962196920735
2021-01-26,-0.01378562147595852,-0.021373703879132067,-0.007968135092309647,-0.009214006738813785,0.0006719435137916285,0.008977412323574852,-0.009984417428258063,-0.003717458653363037,-0.0006442451106924985
2021-01-27,-0.02946418587363331,-0.01349688469025756,-0.02945116620945154,-0.019862156852856194,-0.01887633148294321,-0.016890348598628924,-0.02694605574575315,-0.0303595793735999,-0.030828688275913563
2021-01-28,0.017226835982316224,0.011691430548608217,0.01862074113809231,0.014876358145610613,0.004106352565001359,0.0038349710482747934,0.011983817188299994,0.01460561902604618,0.003144684605001169
2021-01-29,-0.019433736255707212,-0.03319391078125766,-0.019972920645896508,-0.021583601222269544,-0.023553410055882518,-0.0206296940813403,-0.005440908951414247,-0.00844759455030597,-0.023330203881196332
2021-02-01,0.01174979454969094,0.007120987967100145,0.013126058737243262,0.010381081100356626,0.025052451965463796,0.0009363002829785305,0.004827072915570385,0.003825075220977414,0.02598605537944998
2021-02-02,0.013152416232540709,0.010858636305047575,0.024207303276551295,0.021249262076019182,0.013544037659568131,0.006702998314549902,0.008166498549283752,0.0028579411313853775,0.02123690111433163
2021-02-03,0.0019333375233598904,0.04271795852151339,0.00565907875414684,0.0006859328643209484,-0.0034340583240475286,0.0015485017055254513,-0.003176667738354344,-0.007081154444958715,-0.005596424842472247
2021-02-04,-0.0035836915264783054,0.01102058138831441,0.022178093023783818,0.01073920680426621,0.01595623351873887,0.007266480181846946,0.007807549439015515,0.004174575228181432,0.010663534249331308
2021-02-05,0.017153044968862385,0.008530891846449062,0.00032385002840196186,0.005877671629603176,-0.0022119907589646104,0.009363018291229208,0.0053755322958182195,0.0018188171654434093,0.009554401176273597
2021-02-08,0.008295964779712728,0.041823264128962645,0.012949249159254883,0.008540279462841971,0.010493670045906178,0.003801730071799181,-0.007705641927917228,0.0012102992588356454,0.005690206774793483
2021-02-09,-0.007418454049028966,-0.010599982576085742,0.00031948406446180577,0.0025627542236414946,-0.0011701176764419285,-0.0009090665061807224,0.0014263014543975938,0.0014679764177119026,-0.005542513085337264
2021-02-10,-0.0010870349453468986,0.019147470117146348,0.0,-0.0015560053044514355,-0.0014643325624610348,-0.001061329368245545,0.003956305600006038,0.001810662405393959,-0.009869332535746955
2021-02-11,0.0009523078953068698,-0.015432758768166077,-0.0031947995938987894,-0.0021148481729481583,0.010998655923026401,-0.004402006710536588,-0.005674629495557637,0.0018934434644111153,-0.002755784185169863
2021-02-12,0.010328806859589701,0.014765955523825092,0.010256358299246537,0.007250470568651801,0.0051493622445724085,0.001524773891866671,-0.007292357473138722,0.007473569444585104,0.0014111282160587102
2021-02-16,-0.0018832479054239348,0.025072857311518648,0.01713202674635239,-0.0009967383325002466,-0.00324699161975861,-0.0018268729330179756,-0.011178551929471037,-0.009890817624908621,-0.004344787708396414
2021-02-17,-0.0005389975574736638,0.014850450665254922,0.004990706924490107,-0.002771272658634305,-0.008831655905022107,0.0036601990437952203,0.0008075522489905396,0.003616892739769728,0.005778946009938002
2021-02-18,-0.006202847793128186,-0.022595352440393124,-0.005897067550163504,-0.005002187143610892,-0.004893349936542224,-0.000607847326468347,0.005970605771457471,-0.006263968817323162,0.00029318757347041036
2021-02-19,0.018317595147714805,0.016732820804279402,0.011863919052293337,0.016422689754508557,-0.001467879316984111,-0.012619657807652285,-0.014918189677833649,-0.012088692588708927,-0.005802731667867489
2021-02-22,0.0038639840850815954,0.03464695503649606,0.00925638140698748,0.003187492687162896,-0.022050669777313736,0.0009239268711054294,-0.019540772049525867,-0.002359997914893497,-0.021106023876016677
2021-02-23,0.0034509798657418322,0.01653415219827492,0.006114285372910366,0.003067858381123667,-0.002780963955569926,0.001384611027324123,0.008304233410107553,-0.0016646529807571309,-0.006564688985191691
2021-02-24,0.008730286295016265,0.03541281093284443,0.01944699613113854,0.01889671024974615,0.015300015084132035,-0.0006144532267809977,-0.01169489431029358,0.006932883274954005,0.010487984962870067
2021-02-25,-0.023078973376149725,-0.01928812328883167,-0.018181793264187007,-0.018439100357120597,-0.0349640778388457,-0.010914783407675488,-0.00900002600552674,-0.010022630001740196,-0.037196959458158485
2021-02-26,-0.012751699386721382,-0.023722593361085065,-0.019125686873903702,-0.01037568217460716,0.0053077777847090335,-0.016164097514043463,-0.018499818731883333,-0.008627501040812002,0.004174929736920019
2021-03-01,0.025288945913183536,0.025960556191945816,0.03125965757714977,0.025604238110613853,0.032213571061197044,0.010110593056233519,0.022104219491751786,0.013053941857371854,0.023456392626400424
2021-03-02,0.005569578533099362,-0.005465602857883778,-0.0036013865993874683,-0.0029053424124734217,-0.01586363586353834,-0.0017203174165583146,-0.003017654279403148,-0.002892763340282989,-0.011519955877234644
2021-03-03,-0.00989058231989326,0.014654908799262012,0.007831245974362577,0.0010792156867927005,-0.025158149651383854,-0.0047000293582841746,-0.011770655839842381,-0.012659349871906311,-0.023492630060892083
2021-03-04,-0.019445882158933725,0.02387167204328433,-0.011356712231007537,-0.0159552060922038,-0.022098576487842414,-0.0036203455341474733,-0.0008507052502815249,-0.013444849653856505,-0.021168339591983387
2021-03-05,0.022955592206594266,0.037421600245147735,0.019044626261617736,0.023663467292758256,0.0188843142841133,0.02211691473680588,0.016348704290965577,0.020036001953491533,0.006353103196392151
2021-03-08,0.013411332370858675,0.0018885608575067714,0.012755913924718199,0.010487978129679387,-0.02419541629230093,0.0043276919885000265,0.014075072505597808,-0.0024774225538729544,0.0012115713247808912
2021-03-09,0.00615830183659849,-0.01753060301425735,-0.009080252140687417,-0.004130462005317748,0.0340142167514077,-0.0009234761374734557,0.013218778754801486,0.005854224519482587,0.03776828646398256
2021-03-10,0.01653856572508694,0.025326154765168196,0.02039607443438518,0.014782511172075852,-0.003996753769462402,0.01309303674751261,0.006849348981240455,0.0022927789850444302,0.005093936603098648
2021-03-11,0.005380501226093459,0.00037426329538248204,-0.0028969018611920694,0.0007336078113553413,0.021375148106451247,-0.002432634861483929,-0.0025915018261024603,0.006070678279040953,0.015326329101827962
2021-03-12,0.0026758043692081124,0.0020576058980519285,0.010168558331397293,0.013404514403419387,-0.007177314474969498,0.00823042669427676,0.013478344878271376,0.0021862927645190933,0.0029468636242397928
2021-03-15,0.0011437407674113054,-0.011386969419140747,-0.005752145538825304,0.008370397627695425,0.010653601856372319,0.0043840393924614585,0.012818466483775381,0.006893560234026541,0.013431598525820432
2021-03-16,-0.008250869857526877,-0.028512036965388843,-0.010413608282296094,-0.014244717296111431,0.00752961453295331,0.0012040515891482695,0.0012656172185228076,-0.000606684396129098,-0.010354408771180545
2021-03-17,0.008959468078346244,0.007774483335843518,0.006723172662793875,0.011539699920384283,-0.0008221637978982343,-0.0015033409755376148,-0.016274285472780203,-0.003641984172681245,0.014050044018890429
2021-03-18,-0.005581615318248523,-0.044937323162124065,0.005226402337857428,-0.0009250305269512538,-0.027748601343140833,-0.004065027975000746,-0.0036941701666407534,-0.0020887409745308227,-0.02446789406061367
2021-03-19,-0.004975112221752176,0.00020194497770087416,-0.011553916172627243,-0.007612411310165101,-0.003000156081566341,0.0034768967953966445,0.002740597836195402,0.003575745743264802,0.005983251293044445
2021-03-22,0.0006179384860949266,-0.009589827016977415,-0.012885590210440445,-0.0005614118926030587,0.020325924106884496,0.010557022225930357,-0.0014415019597753265,0.008703026269155645,0.006583042309982412
2021-03-23,-0.02084409059621184,-0.01462709252330352,-0.01397565286278668,-0.017478154985128946,-0.0062181853021302524,0.004196624313160147,0.0149229220790712,-0.010114966607299825,-0.009385414137293657
2021-03-24,0.0072273727041511915,0.025088791601572957,0.003618785658532797,0.007306171052248844,-0.012132745523574351,-0.003880628898962235,0.00031964931854266965,-0.001135347191423275,-0.014784938191823915
2021-03-25,0.01448141667651237,0.0036712280166686373,0.01682696495888658,0.015978180556567967,-0.0006179656025471214,0.009739309959309495,0.010704556116183594,0.004196867325452658,0.008759083564163772
2021-03-26,0.024819962090465886,0.024791734269470345,0.01566190239087062,0.01727882196150987,0.025428916076427388,0.01765844267968708,0.003319679177077095,0.018894194146935606,0.00831862952746576
2021-03-29,-0.0033881825095872786,-0.01189764962304618,-0.008728520406855234,0.00020338327022439984,-0.005200892823768566,0.010061166427371981,0.010713727620883962,0.00470007748705914,-0.005479969140601004
2021-03-30,-0.00289594224177403,-0.008629345562411794,0.007044369844924292,0.0043725881756018214,-0.00947113229629526,-0.010682804960747805,-0.009041337759293833,-0.009015884675896757,0.00980932749529484
2021-03-31,-0.004924856391272381,-0.0068825939693498706,-0.007578027566995993,-0.003239847177282318,0.015910670075976574,-0.003210290743060562,0.007393443809335043,0.001974042771625273,0.007795185095959667
2021-04-01,0.008756279001137957,0.02547900458642305,0.012334860295251993,0.003351974009995873,0.020103894420804735,-0.004830833164312431,-0.0009369358593570576,-0.0029981024543920265,0.008032312642923367
2021-04-05,0.012328637354011907,-0.023852131389058506,0.007832911174993074,0.012350690785378093,0.02066728033700893,0.012797809270757687,0.010940931040134716,0.006959339830237887,0.022724626048433727
2021-04-06,0.002236862215051927,-0.0026471404296385392,-0.0020150692613487564,-0.002399978637695366,-0.004266678790128542,0.004212068583216322,0.005256591470105709,-0.0038395645047748506,0.004328504539196754
2021-04-07,-0.017234958008059298,0.0034708449414333487,0.004903432149438336,-0.004611057283704589,0.005301733710475487,-0.0024587528268154024,-0.0012303015347615576,-0.0022269990255285865,-0.0029881867583841926
2021-04-08,0.0012616511661105445,-0.01302142796493555,0.00028697822874312884,0.0024168968418303294,0.014448779269299994,0.0010149295865635732,-0.0007699884489984488,0.0015451996607149798,0.00472626699837897
2021-04-09,0.008694587148431188,-0.006596571962406594,0.008608409322617083,0.009744838374336595,0.009614058689072058,-0.0017381625867713968,-0.0010787439587398584,0.010971104820310051,0.009522649917246051
2021-04-12,0.0034977984837281095,-0.007885396643430465,0.004267360019065913,0.0036811770900770924,-0.004796557198823548,0.005368583232910673,0.0009256025744557306,0.0010174035581762553,0.0064212121277809064
2021-04-13,-0.0023652737093901033,0.0010457903288929593,-0.009348385934551673,-0.004857235102203816,0.009426620352796178,-0.005339915452348021,0.011868130472529659,0.004150062378555308,0.010558382421902657
2021-04-14,0.007237357567656755,0.027789343907149044,0.006005120879101655,0.0012949223449381098,-0.010602405043178775,-0.0008705391785802652,0.004417378656313087,-8.4299148462752e-05,-0.009833470493066598
2021-04-15,0.011769040310650292,-0.008131687789160735,-0.0008527225422582108,0.003979322913223449,0.01717406930701859,0.00798726469478317,0.011070605103294273,0.01712356581223018,0.007166258118231905
2021-04-16,0.012122021738216526,-0.007993428619189058,0.007112375224676448,0.002179956645806058,-0.00020929867378527423,0.005762770139468021,0.0080996089749239,0.007463936906717761,0.007731467205743803
2021-04-19,-0.004597203798415661,-0.001033120871516413,-0.0028249232911827793,-0.004152641600552509,-0.008304273664086703,-0.003867592787691887,-0.005058716597560187,0.00024694417573178917,-0.011230272243882733
2021-04-20,-0.00960137247505799,-0.02647360537109389,-0.018696879934184008,-0.011020657236880615,-0.008866332428571932,0.005464441305940815,0.01271120740554399,0.003868004381863077,-0.012594913782911443
2021-04-21,0.018161779307047876,0.012746940259425354,0.013856799962293609,0.013653253709650315,0.010081633705444792,0.005005699131676256,-0.008417006564523821,0.011805171113154156,0.013324960593119606
2021-04-22,-0.016873586902269033,-0.011747379486130582,-0.01110476655779069,-0.005051026345099241,-0.011738230960808171,-0.007399981043228254,-0.007148225555119403,-0.004456290961942888,-0.011070532478155148
2021-04-23,0.0164276568873174,0.009127580123216905,0.018715851841242248,0.01094961660507443,0.014935922856080586,-0.002580649536570334,-0.001349877611554251,0.0065923133432685965,0.010455799757652429
2021-04-26,0.005909996889717384,0.0067311671994456646,0.003957020503727593,-0.002953873863478562,0.00511559735914946,-0.011211711696398119,-0.005707492826100502,-0.0033958454714503317,0.004386451170675709
2021-04-27,-0.00263790427671462,0.012118637880501382,0.0078828484146507,0.008295440649512598,-0.002440151032550797,-0.0007268941865433698,-0.007703844869277998,-0.005760174202235846,-0.0011758494215586834
2021-04-28,0.0027651281087970325,0.0344756818948746,0.003910597559552809,-0.0020567981156814907,-0.009295511699986658,0.0007274229460541015,-0.0013701318913093008,-0.003019198183338845,-0.0011772336710897946
2021-04-29,0.006234223956791629,0.011175365231946621,0.017807546711203326,0.007066456227462492,-0.0008465263999117845,0.010611945309253246,0.009146318415812038,-0.004010458852067744,0.0002806322472399536
2021-04-30,-0.010604067513550919,-0.025261472775844007,-0.008748045202387478,-0.006627037336818575,-0.013627111968027128,0.000863135657160008,0.007855049795055136,-0.0029583417136087586,0.003871415911724796
2021-05-03,0.01493253673047179,0.0275359511471589,0.004964156467400782,0.010301216998078289,-0.00279169218445241,0.008192004596496272,-0.00014991211102322044,0.011373916035537057,-0.00475067546068253
2021-05-04,0.010915972736953883,0.0005911089516625889,0.007958313020209218,0.004369750762994951,-0.01794558928872636,-0.005131868888395563,-0.0037475641347773925,0.0010593859863732291,-0.010445333485975539
2021-05-05,0.012676078283321734,0.03229616835510973,0.00816768964877257,0.0009668227189987277,-0.002412117805304037,-0.0007164787376681137,-0.016852283509039334,0.0017909575648145104,-0.0031212929504674802
2021-05-06,0.008460864247355149,0.005150714749998286,0.014852904938936096,0.006954517813122063,0.010038177160494488,0.012905098271396298,0.0076522808084402705,0.0013002085591069523,0.002163210839698948
2021-05-07,0.009883928160409283,0.01784024418117469,0.00532189831020502,0.010551544116269573,0.00855997550624088,0.0,0.003037736767333543,0.0068982183549781695,0.008975243645269693
2021-05-10,-0.004438367787163999,0.0003729341295046762,-0.0007940386518305864,0.0009492024259085685,-0.025246310419723694,0.007644407137501696,0.01014533857748301,0.001289624103352427,-0.017790724525329815
2021-05-11,0.003314966563839672,-0.025722293175510336,-0.017748295866100938,-0.014793718385401555,-0.0030254106344703713,-0.00871035043444568,-0.012292005787406524,-0.010786476141637857,-0.011291993264302302
2021-05-12,-0.025179436812103884,0.004782858194195105,-0.010248140489491075,-0.02396763767829646,-0.028125253753175317,-0.013321922399885833,-0.02337230125652856,-0.00943930375519686,-0.033857101343249374
2021-05-13,0.015310954013189937,-0.012185822240483812,0.016076298101434627,0.01873768734997494,0.01325112729811484,0.014076352899701217,0.019269586529488514,0.00903637923097489,0.00708075594232116
2021-05-14,0.01197192221302501,0.031033164556757198,0.0158219398793904,0.013843177763114722,0.022021740763443987,0.004391008423348941,0.004878904437960463,0.005047586973419227,0.017338995592925732
2021-05-17,0.008758919474352034,0.023181862495037286,0.0018479327574025817,-0.0030554729740016606,-0.007354022881451483,-0.0014103243315591873,-0.008193003876857397,-0.001863067907854954,-0.001815701109340928
2021-05-18,-0.011051007595411555,-0.023204832238004736,-0.013965812472702788,-0.014558032938873922,-0.008001199179430318,-0.0031069231505209682,-0.00015300804360129927,0.0003246300530033164,-0.007803711960463033
2021-05-19,-0.015279320233972715,-0.024878377088182857,-0.006146433818567165,-0.005637105982071233,0.0035100914273862305,-0.0032581915210500023,-0.0016829958586955795,-0.0017037082657239688,-0.00839747709331895
2021-05-20,0.0005790070797175861,-0.0015346600693553203,0.0005377913014847913,0.002248102457454104,0.019126348274236316,0.009238225131329436,0.008735627506884613,0.010483488452984524,0.010257641315793986
2021-05-21,0.0021987594486705397,0.0021133643028612425,0.009943637615847933,0.00487614585074847,-0.005476851078054512,0.00014074787403561828,0.005165663458851277,0.00016088365007327354,-0.005017655698653534
2021-05-24,0.008891504457601673,0.00996933395868238,0.0047896881774436295,0.006211174145593246,0.017769279136230942,0.0029570082201304526,-0.001813826178047151,0.0009649625763352709,0.009908028114556044
2021-05-25,-0.008469789056896992,-0.0203113076808219,-0.010063487031493623,-0.0029899455794877294,0.00028853102919490503,0.0002807334286676344,-0.012113916424397186,-0.002972387022846412,0.0031723257094369295
2021-05-26,0.00034637434656303867,0.008912983511579098,0.0029427663779655333,0.0031923594165819136,-7.208443761919092e-05,-0.0021052845737390413,0.00015331294540121831,-0.005801315100816051,0.009545589922979492
2021-05-27,0.007962090732213989,0.0007682142454730201,0.011469631134358949,0.013693402508474284,-0.005265404866941825,-0.006188394113283535,-0.006743332435344862,-0.002188156612383141,0.0040025665285063905
2021-05-28,-0.001030295815257376,0.0019189881586996194,0.0018460842009959677,0.0,0.003552970932953592,0.002122755288856748,0.005400495551618922,0.00389860068901271,-0.0013866737383001482
2021-06-01,0.013981219239468379,0.03849841355059991,0.006054212478929566,0.0039002665715606177,-0.004913242093708803,-0.003389321734843187,-0.006138758492911345,-0.016423938546584305,-0.0019092908935820496
2021-06-02,-0.008363533737434814,0.01862778123928832,0.0015697947848638538,-0.00284275017372726,0.0068980318023652565,0.003684315394003601,0.00525009769418161,-0.0019741536922924796,-0.004637341710291731
2021-06-03,-0.00022790795023097665,0.002715942913673164,0.002351101239756792,-0.002185720323066409,-0.009302612700413992,0.006211983631755347,0.00599077417495586,0.003049494037778766,-0.011880545484581395
2021-06-04,0.002166010473805269,0.006681092899035512,0.002606262486373412,0.0032380603608630487,0.01921676587433807,0.0035077874530013986,-0.001526927429881808,0.0032045965441913626,0.008015563299513806
2021-06-07,-0.012171621881980843,-0.004304962842453741,-0.0064985701083227765,-0.006929900825110247,-0.00021424638181344324,-0.0016777841557565898,0.0018351850084437071,0.003603918868082534,0.0
2021-06-08,0.0018425111568038943,0.00864715135016314,-0.002616490989649445,0.0025809830942653544,7.139443134329682e-05,-0.008403339794098241,-0.00854839214970149,-0.0031012589341686825,0.00806878847373027
